,name,points,challenges
0,ChainLight,8853,"{'challenge_name': ['Welcome Discord Challenge', 'Diamond Heist', 'Lockdown', 'Casino Avengers', 'Frozen Voting', ""Joe's Lending Mirage"", 'Not a very LUCKY TOKEN', 'OFAC Executive Order 13337', 'Opaze Whisperer', ""Rich Man's Bet"", 'Unstable Pool', 'Peer-to-peer-to-me', 'Restricted Proxy', 'Proof-of-Thought', 'Copy/Paste/Deploy', 'World of Memecraft', 'Tokemak', 'risc4', 'Et tu, Permit2?', ""Maybe it's unnecessary?"", 'R vs Q', '""memorable"" onlyOwner', 'HealthCheck as a Service'], 'challenge_category': ['Welcome', 'Solidity', 'Solidity, DeFi', 'Solidity', 'Solidity, Governance', 'Solidity, DeFi', 'Solidity', 'ZK/Crypto, EVM', 'Solidity, Reversing', 'Solidity', 'Solidity, DeFi', 'Solidity, DeFi', 'Solidity, EVM', 'AI, Blockchain', 'Web', 'Solidity, Wintermute', 'Solidity, Tokemak, DeFi', 'ZK/Crypto, Reversing', 'Glider', 'Glider', 'Glider', 'Glider', 'WEB, NOSTALGIA']}"
1,A-Team,8353,"{'challenge_name': ['Welcome Discord Challenge', 'Diamond Heist', 'Lockdown', 'Casino Avengers', 'Frozen Voting', ""Joe's Lending Mirage"", 'Not a very LUCKY TOKEN', 'Opaze Whisperer', ""Rich Man's Bet"", 'Unstable Pool', 'Peer-to-peer-to-me', 'Restricted Proxy', 'Proof-of-Thought', 'Copy/Paste/Deploy', 'World of Memecraft', 'Tokemak', 'risc4', 'Et tu, Permit2?', ""Maybe it's unnecessary?"", 'R vs Q', '""memorable"" onlyOwner', 'HealthCheck as a Service'], 'challenge_category': ['Welcome', 'Solidity', 'Solidity, DeFi', 'Solidity', 'Solidity, Governance', 'Solidity, DeFi', 'Solidity', 'Solidity, Reversing', 'Solidity', 'Solidity, DeFi', 'Solidity, DeFi', 'Solidity, EVM', 'AI, Blockchain', 'Web', 'Solidity, Wintermute', 'Solidity, Tokemak, DeFi', 'ZK/Crypto, Reversing', 'Glider', 'Glider', 'Glider', 'Glider', 'WEB, NOSTALGIA']}"
2,KimchiPremium,7853,"{'challenge_name': ['Welcome Discord Challenge', 'Diamond Heist', 'Lockdown', 'Casino Avengers', 'Frozen Voting', ""Joe's Lending Mirage"", 'Not a very LUCKY TOKEN', 'Opaze Whisperer', ""Rich Man's Bet"", 'Unstable Pool', 'Peer-to-peer-to-me', 'Restricted Proxy', 'Proof-of-Thought', 'Copy/Paste/Deploy', 'World of Memecraft', 'risc4', 'Et tu, Permit2?', ""Maybe it's unnecessary?"", 'R vs Q', '""memorable"" onlyOwner', 'HealthCheck as a Service'], 'challenge_category': ['Welcome', 'Solidity', 'Solidity, DeFi', 'Solidity', 'Solidity, Governance', 'Solidity, DeFi', 'Solidity', 'Solidity, Reversing', 'Solidity', 'Solidity, DeFi', 'Solidity, DeFi', 'Solidity, EVM', 'AI, Blockchain', 'Web', 'Solidity, Wintermute', 'ZK/Crypto, Reversing', 'Glider', 'Glider', 'Glider', 'Glider', 'WEB, NOSTALGIA']}"
3,Oracle of seasons,6467,"{'challenge_name': ['Welcome Discord Challenge', 'Diamond Heist', 'Lockdown', 'Casino Avengers', 'Frozen Voting', 'Not a very LUCKY TOKEN', 'Opaze Whisperer', ""Rich Man's Bet"", 'Unstable Pool', 'Peer-to-peer-to-me', 'Restricted Proxy', 'Proof-of-Thought', 'Copy/Paste/Deploy', 'World of Memecraft', 'risc4', ""Maybe it's unnecessary?"", 'R vs Q', 'HealthCheck as a Service'], 'challenge_category': ['Welcome', 'Solidity', 'Solidity, DeFi', 'Solidity', 'Solidity, Governance', 'Solidity', 'Solidity, Reversing', 'Solidity', 'Solidity, DeFi', 'Solidity, DeFi', 'Solidity, EVM', 'AI, Blockchain', 'Web', 'Solidity, Wintermute', 'ZK/Crypto, Reversing', 'Glider', 'Glider', 'WEB, NOSTALGIA']}"
4,Wut is soldana,6414,"{'challenge_name': ['Welcome Discord Challenge', 'Diamond Heist', 'Lockdown', 'Casino Avengers', 'Frozen Voting', 'Not a very LUCKY TOKEN', 'Opaze Whisperer', ""Rich Man's Bet"", 'Unstable Pool', 'Peer-to-peer-to-me', 'Restricted Proxy', 'Proof-of-Thought', 'World of Memecraft', 'risc4', 'Et tu, Permit2?', ""Maybe it's unnecessary?"", 'R vs Q', '""memorable"" onlyOwner'], 'challenge_category': ['Welcome', 'Solidity', 'Solidity, DeFi', 'Solidity', 'Solidity, Governance', 'Solidity', 'Solidity, Reversing', 'Solidity', 'Solidity, DeFi', 'Solidity, DeFi', 'Solidity, EVM', 'AI, Blockchain', 'Solidity, Wintermute', 'ZK/Crypto, Reversing', 'Glider', 'Glider', 'Glider', 'Glider']}"
5,Neplox,6405,"{'challenge_name': ['Welcome Discord Challenge', 'Diamond Heist', 'Lockdown', 'Casino Avengers', 'Frozen Voting', 'Not a very LUCKY TOKEN', 'OFAC Executive Order 13337', 'Opaze Whisperer', ""Rich Man's Bet"", 'Restricted Proxy', 'Proof-of-Thought', 'Copy/Paste/Deploy', 'risc4', 'Et tu, Permit2?', ""Maybe it's unnecessary?"", 'R vs Q', '""memorable"" onlyOwner', 'HealthCheck as a Service'], 'challenge_category': ['Welcome', 'Solidity', 'Solidity, DeFi', 'Solidity', 'Solidity, Governance', 'Solidity', 'ZK/Crypto, EVM', 'Solidity, Reversing', 'Solidity', 'Solidity, EVM', 'AI, Blockchain', 'Web', 'ZK/Crypto, Reversing', 'Glider', 'Glider', 'Glider', 'Glider', 'WEB, NOSTALGIA']}"
6,DeFiHackLabs,6395,"{'challenge_name': ['Welcome Discord Challenge', 'Diamond Heist', 'Lockdown', 'Casino Avengers', 'Frozen Voting', 'Not a very LUCKY TOKEN', 'Opaze Whisperer', ""Rich Man's Bet"", 'Unstable Pool', 'Peer-to-peer-to-me', 'Proof-of-Thought', 'World of Memecraft', 'risc4', 'Et tu, Permit2?', ""Maybe it's unnecessary?"", 'R vs Q', '""memorable"" onlyOwner', 'HealthCheck as a Service'], 'challenge_category': ['Welcome', 'Solidity', 'Solidity, DeFi', 'Solidity', 'Solidity, Governance', 'Solidity', 'Solidity, Reversing', 'Solidity', 'Solidity, DeFi', 'Solidity, DeFi', 'AI, Blockchain', 'Solidity, Wintermute', 'ZK/Crypto, Reversing', 'Glider', 'Glider', 'Glider', 'Glider', 'WEB, NOSTALGIA']}"
7,offside7,5899,"{'challenge_name': ['Welcome Discord Challenge', 'Diamond Heist', 'Lockdown', 'Casino Avengers', 'Frozen Voting', 'Not a very LUCKY TOKEN', 'Opaze Whisperer', ""Rich Man's Bet"", 'Unstable Pool', 'Restricted Proxy', 'Proof-of-Thought', 'World of Memecraft', 'risc4', 'Et tu, Permit2?', ""Maybe it's unnecessary?"", 'R vs Q', 'HealthCheck as a Service'], 'challenge_category': ['Welcome', 'Solidity', 'Solidity, DeFi', 'Solidity', 'Solidity, Governance', 'Solidity', 'Solidity, Reversing', 'Solidity', 'Solidity, DeFi', 'Solidity, EVM', 'AI, Blockchain', 'Solidity, Wintermute', 'ZK/Crypto, Reversing', 'Glider', 'Glider', 'Glider', 'WEB, NOSTALGIA']}"
8,ç»™å°è’‹çŽ‹åšå£«ä¹°å¥¶ç²‰é’±,5641,"{'challenge_name': ['Welcome Discord Challenge', 'Diamond Heist', 'Lockdown', 'Frozen Voting', 'Not a very LUCKY TOKEN', 'Opaze Whisperer', ""Rich Man's Bet"", 'Restricted Proxy', 'Proof-of-Thought', 'Copy/Paste/Deploy', 'risc4', 'Et tu, Permit2?', ""Maybe it's unnecessary?"", 'R vs Q', '""memorable"" onlyOwner', 'HealthCheck as a Service'], 'challenge_category': ['Welcome', 'Solidity', 'Solidity, DeFi', 'Solidity, Governance', 'Solidity', 'Solidity, Reversing', 'Solidity', 'Solidity, EVM', 'AI, Blockchain', 'Web', 'ZK/Crypto, Reversing', 'Glider', 'Glider', 'Glider', 'Glider', 'WEB, NOSTALGIA']}"
9,Zkittens (Zksync & Audittens),5007,"{'challenge_name': ['Welcome Discord Challenge', 'Diamond Heist', 'Lockdown', 'Casino Avengers', 'Frozen Voting', 'Not a very LUCKY TOKEN', ""Rich Man's Bet"", 'Unstable Pool', 'Restricted Proxy', 'Proof-of-Thought', 'World of Memecraft', 'Et tu, Permit2?', ""Maybe it's unnecessary?"", 'R vs Q', '""memorable"" onlyOwner'], 'challenge_category': ['Welcome', 'Solidity', 'Solidity, DeFi', 'Solidity', 'Solidity, Governance', 'Solidity', 'Solidity', 'Solidity, DeFi', 'Solidity, EVM', 'AI, Blockchain', 'Solidity, Wintermute', 'Glider', 'Glider', 'Glider', 'Glider']}"
10,OUTofGas,4940,"{'challenge_name': ['Welcome Discord Challenge', 'Diamond Heist', 'Lockdown', 'Casino Avengers', 'Frozen Voting', 'Not a very LUCKY TOKEN', 'Opaze Whisperer', ""Rich Man's Bet"", 'Restricted Proxy', 'Proof-of-Thought', 'risc4', 'Et tu, Permit2?', ""Maybe it's unnecessary?"", 'R vs Q', 'HealthCheck as a Service'], 'challenge_category': ['Welcome', 'Solidity', 'Solidity, DeFi', 'Solidity', 'Solidity, Governance', 'Solidity', 'Solidity, Reversing', 'Solidity', 'Solidity, EVM', 'AI, Blockchain', 'ZK/Crypto, Reversing', 'Glider', 'Glider', 'Glider', 'WEB, NOSTALGIA']}"
11,Friendly Maltese Citizens,4556,"{'challenge_name': ['Welcome Discord Challenge', 'Diamond Heist', 'Lockdown', 'Casino Avengers', 'Frozen Voting', 'Not a very LUCKY TOKEN', ""Rich Man's Bet"", 'Restricted Proxy', 'Proof-of-Thought', 'Copy/Paste/Deploy', 'risc4', 'Et tu, Permit2?', 'R vs Q', 'HealthCheck as a Service'], 'challenge_category': ['Welcome', 'Solidity', 'Solidity, DeFi', 'Solidity', 'Solidity, Governance', 'Solidity', 'Solidity', 'Solidity, EVM', 'AI, Blockchain', 'Web', 'ZK/Crypto, Reversing', 'Glider', 'Glider', 'WEB, NOSTALGIA']}"
12,Statemind,4048,"{'challenge_name': ['Welcome Discord Challenge', 'Diamond Heist', 'Lockdown', 'Casino Avengers', 'Frozen Voting', 'Not a very LUCKY TOKEN', 'Opaze Whisperer', ""Rich Man's Bet"", 'Proof-of-Thought', 'Et tu, Permit2?', ""Maybe it's unnecessary?"", 'R vs Q', '""memorable"" onlyOwner'], 'challenge_category': ['Welcome', 'Solidity', 'Solidity, DeFi', 'Solidity', 'Solidity, Governance', 'Solidity', 'Solidity, Reversing', 'Solidity', 'AI, Blockchain', 'Glider', 'Glider', 'Glider', 'Glider']}"
13,Amber Labs,3004,"{'challenge_name': ['Welcome Discord Challenge', 'Lockdown', 'Casino Avengers', 'Frozen Voting', 'Not a very LUCKY TOKEN', ""Rich Man's Bet"", 'Proof-of-Thought', 'Et tu, Permit2?', ""Maybe it's unnecessary?"", 'R vs Q'], 'challenge_category': ['Welcome', 'Solidity, DeFi', 'Solidity', 'Solidity, Governance', 'Solidity', 'Solidity', 'AI, Blockchain', 'Glider', 'Glider', 'Glider']}"
14,INFOBAHN,2336,"{'challenge_name': ['Welcome Discord Challenge', 'Proof-of-Thought', 'Copy/Paste/Deploy', 'risc4', 'Et tu, Permit2?', 'R vs Q', 'HealthCheck as a Service'], 'challenge_category': ['Welcome', 'AI, Blockchain', 'Web', 'ZK/Crypto, Reversing', 'Glider', 'Glider', 'WEB, NOSTALGIA']}"
15,justCatTheFish,2325,"{'challenge_name': ['Welcome Discord Challenge', 'Diamond Heist', 'Lockdown', 'Casino Avengers', 'Frozen Voting', ""Rich Man's Bet"", 'Unstable Pool', 'Proof-of-Thought', 'R vs Q'], 'challenge_category': ['Welcome', 'Solidity', 'Solidity, DeFi', 'Solidity', 'Solidity, Governance', 'Solidity', 'Solidity, DeFi', 'AI, Blockchain', 'Glider']}"
16,electisec,1888,"{'challenge_name': ['Welcome Discord Challenge', 'Diamond Heist', 'Casino Avengers', 'Frozen Voting', ""Rich Man's Bet"", 'Proof-of-Thought', ""Maybe it's unnecessary?"", 'R vs Q'], 'challenge_category': ['Welcome', 'Solidity', 'Solidity', 'Solidity, Governance', 'Solidity', 'AI, Blockchain', 'Glider', 'Glider']}"
17,Blockian,1561,"{'challenge_name': ['Welcome Discord Challenge', 'Frozen Voting', ""Rich Man's Bet"", 'Unstable Pool', 'Peer-to-peer-to-me'], 'challenge_category': ['Welcome', 'Solidity, Governance', 'Solidity', 'Solidity, DeFi', 'Solidity, DeFi']}"
18,WONDERLAND,1512,"{'challenge_name': ['Welcome Discord Challenge', 'Diamond Heist', 'Casino Avengers', 'Frozen Voting', ""Rich Man's Bet"", ""Maybe it's unnecessary?"", 'R vs Q'], 'challenge_category': ['Welcome', 'Solidity', 'Solidity', 'Solidity, Governance', 'Solidity', 'Glider', 'Glider']}"
19,DTL,1469,"{'challenge_name': ['Welcome Discord Challenge', 'Casino Avengers', ""Rich Man's Bet"", 'Proof-of-Thought', ""Maybe it's unnecessary?"", 'R vs Q'], 'challenge_category': ['Welcome', 'Solidity', 'Solidity', 'AI, Blockchain', 'Glider', 'Glider']}"
20,Minato7namikazi,1468,"{'challenge_name': ['Welcome Discord Challenge', 'Diamond Heist', 'Lockdown', 'risc4', ""Maybe it's unnecessary?"", 'R vs Q'], 'challenge_category': ['Welcome', 'Solidity', 'Solidity, DeFi', 'ZK/Crypto, Reversing', 'Glider', 'Glider']}"
21,wen results,1383,"{'challenge_name': ['Welcome Discord Challenge', 'Lockdown', 'Casino Avengers', 'Frozen Voting', ""Rich Man's Bet"", 'R vs Q'], 'challenge_category': ['Welcome', 'Solidity, DeFi', 'Solidity', 'Solidity, Governance', 'Solidity', 'Glider']}"
22,fade,1368,"{'challenge_name': ['Welcome Discord Challenge', 'Frozen Voting', ""Maybe it's unnecessary?"", 'R vs Q', '""memorable"" onlyOwner'], 'challenge_category': ['Welcome', 'Solidity, Governance', 'Glider', 'Glider', 'Glider']}"
23,PUSH0,1332,"{'challenge_name': ['Welcome Discord Challenge', 'Diamond Heist', 'Casino Avengers', 'Et tu, Permit2?', ""Maybe it's unnecessary?"", 'R vs Q'], 'challenge_category': ['Welcome', 'Solidity', 'Solidity', 'Glider', 'Glider', 'Glider']}"
24,etherhood,1321,"{'challenge_name': ['Welcome Discord Challenge', 'Diamond Heist', 'Lockdown', 'Casino Avengers', 'Frozen Voting', ""Rich Man's Bet""], 'challenge_category': ['Welcome', 'Solidity', 'Solidity, DeFi', 'Solidity', 'Solidity, Governance', 'Solidity']}"
25,VAD37,1267,"{'challenge_name': ['Diamond Heist', 'Not a very LUCKY TOKEN', ""Rich Man's Bet"", 'Unstable Pool'], 'challenge_category': ['Solidity', 'Solidity', 'Solidity', 'Solidity, DeFi']}"
26,72889d19dabd4b648e7a0a4bf76ff61a,1113,"{'challenge_name': ['Welcome Discord Challenge', 'Diamond Heist', 'Casino Avengers', 'Frozen Voting', ""Rich Man's Bet"", 'R vs Q'], 'challenge_category': ['Welcome', 'Solidity', 'Solidity', 'Solidity, Governance', 'Solidity', 'Glider']}"
27,I'm Batman,1047,"{'challenge_name': ['Diamond Heist', 'Lockdown', 'Casino Avengers', 'Frozen Voting'], 'challenge_category': ['Solidity', 'Solidity, DeFi', 'Solidity', 'Solidity, Governance']}"
28,fibonhack,951,"{'challenge_name': ['Welcome Discord Challenge', 'Proof-of-Thought', 'Et tu, Permit2?', 'R vs Q'], 'challenge_category': ['Welcome', 'AI, Blockchain', 'Glider', 'Glider']}"
29,thehackerscrew,900,"{'challenge_name': ['Welcome Discord Challenge', 'Diamond Heist', ""Rich Man's Bet"", 'Proof-of-Thought', 'R vs Q'], 'challenge_category': ['Welcome', 'Solidity', 'Solidity', 'AI, Blockchain', 'Glider']}"
30,Leet puppets,883,"{'challenge_name': ['Welcome Discord Challenge', 'Casino Avengers', 'R vs Q', 'HealthCheck as a Service'], 'challenge_category': ['Welcome', 'Solidity', 'Glider', 'WEB, NOSTALGIA']}"
31,Taiwanese Shabu,772,"{'challenge_name': ['Welcome Discord Challenge', 'Frozen Voting', 'Not a very LUCKY TOKEN'], 'challenge_category': ['Welcome', 'Solidity, Governance', 'Solidity']}"
32,NOCHAINS,727,"{'challenge_name': ['Welcome Discord Challenge', 'Casino Avengers', 'HealthCheck as a Service'], 'challenge_category': ['Welcome', 'Solidity', 'WEB, NOSTALGIA']}"
33,zoltraak,719,"{'challenge_name': ['Welcome Discord Challenge', ""Rich Man's Bet"", 'risc4'], 'challenge_category': ['Welcome', 'Solidity', 'ZK/Crypto, Reversing']}"
34,KITCTF,705,"{'challenge_name': ['Welcome Discord Challenge', 'Diamond Heist', 'risc4', 'R vs Q'], 'challenge_category': ['Welcome', 'Solidity', 'ZK/Crypto, Reversing', 'Glider']}"
35,0xGG,694,"{'challenge_name': ['Welcome Discord Challenge', 'Casino Avengers', ""Rich Man's Bet"", 'R vs Q'], 'challenge_category': ['Welcome', 'Solidity', 'Solidity', 'Glider']}"
36,Hecker,669,"{'challenge_name': ['Welcome Discord Challenge', 'Diamond Heist', 'Et tu, Permit2?', 'R vs Q'], 'challenge_category': ['Welcome', 'Solidity', 'Glider', 'Glider']}"
37,0xArz,638,"{'challenge_name': ['Welcome Discord Challenge', 'Lockdown', 'Casino Avengers'], 'challenge_category': ['Welcome', 'Solidity, DeFi', 'Solidity']}"
38,Layerswap,575,"{'challenge_name': ['Welcome Discord Challenge', 'Et tu, Permit2?', 'R vs Q'], 'challenge_category': ['Welcome', 'Glider', 'Glider']}"
39,libra,468,"{'challenge_name': ['Welcome Discord Challenge', 'Diamond Heist', 'Lockdown'], 'challenge_category': ['Welcome', 'Solidity', 'Solidity, DeFi']}"
40,S1uM4i,463,"{'challenge_name': ['Welcome Discord Challenge', 'HealthCheck as a Service'], 'challenge_category': ['Welcome', 'WEB, NOSTALGIA']}"
41,yult,429,"{'challenge_name': ['Welcome Discord Challenge', 'Diamond Heist', 'Frozen Voting'], 'challenge_category': ['Welcome', 'Solidity', 'Solidity, Governance']}"
42,sun,419,"{'challenge_name': ['Welcome Discord Challenge', 'Et tu, Permit2?'], 'challenge_category': ['Welcome', 'Glider']}"
43,VGz,409,"{'challenge_name': ['Welcome Discord Challenge', ""Maybe it's unnecessary?""], 'challenge_category': ['Welcome', 'Glider']}"
44,my_pickaxe_is_bronze,376,"{'challenge_name': ['Proof-of-Thought'], 'challenge_category': ['AI, Blockchain']}"
45,The_Blockchain_SMOKERS,376,"{'challenge_name': ['Proof-of-Thought'], 'challenge_category': ['AI, Blockchain']}"
46,0xTKOWeb3,374,"{'challenge_name': ['Welcome Discord Challenge', 'Lockdown'], 'challenge_category': ['Welcome', 'Solidity, DeFi']}"
47,ZoA,374,"{'challenge_name': ['Welcome Discord Challenge', 'Lockdown'], 'challenge_category': ['Welcome', 'Solidity, DeFi']}"
48,immunefi,368,"{'challenge_name': ['Welcome Discord Challenge', 'Diamond Heist', ""Rich Man's Bet""], 'challenge_category': ['Welcome', 'Solidity', 'Solidity']}"
49,w3s,368,"{'challenge_name': ['Welcome Discord Challenge', 'Diamond Heist', 'Casino Avengers'], 'challenge_category': ['Welcome', 'Solidity', 'Solidity']}"
50,snap,335,"{'challenge_name': ['Welcome Discord Challenge', 'Frozen Voting'], 'challenge_category': ['Welcome', 'Solidity, Governance']}"
51,upcypherpunk,274,"{'challenge_name': ['Welcome Discord Challenge', ""Rich Man's Bet""], 'challenge_category': ['Welcome', 'Solidity']}"
52,TheRomanXpl0it,274,"{'challenge_name': ['Welcome Discord Challenge', 'Casino Avengers'], 'challenge_category': ['Welcome', 'Solidity']}"
53,HCS,274,"{'challenge_name': ['Welcome Discord Challenge', 'Casino Avengers'], 'challenge_category': ['Welcome', 'Solidity']}"
54,Team_Plebs,274,"{'challenge_name': ['Welcome Discord Challenge', ""Rich Man's Bet""], 'challenge_category': ['Welcome', 'Solidity']}"
55,Green TEA TOADS,274,"{'challenge_name': ['Welcome Discord Challenge', ""Rich Man's Bet""], 'challenge_category': ['Welcome', 'Solidity']}"
56,de_DUST2,264,"{'challenge_name': ['Casino Avengers'], 'challenge_category': ['Solidity']}"
57,HEAVENz52,260,"{'challenge_name': ['Welcome Discord Challenge', 'Diamond Heist', 'R vs Q'], 'challenge_category': ['Welcome', 'Solidity', 'Glider']}"
58,wsec,166,"{'challenge_name': ['Welcome Discord Challenge', 'R vs Q'], 'challenge_category': ['Welcome', 'Glider']}"
59,NULL,166,"{'challenge_name': ['Welcome Discord Challenge', 'R vs Q'], 'challenge_category': ['Welcome', 'Glider']}"
60,XOR I Forgor,166,"{'challenge_name': ['Welcome Discord Challenge', 'R vs Q'], 'challenge_category': ['Welcome', 'Glider']}"
61,AAA,156,"{'challenge_name': ['R vs Q'], 'challenge_category': ['Glider']}"
62,0xtyyar,104,"{'challenge_name': ['Welcome Discord Challenge', 'Diamond Heist'], 'challenge_category': ['Welcome', 'Solidity']}"
63,Azure Crab,104,"{'challenge_name': ['Welcome Discord Challenge', 'Diamond Heist'], 'challenge_category': ['Welcome', 'Solidity']}"
64,r0ck3tz,104,"{'challenge_name': ['Welcome Discord Challenge', 'Diamond Heist'], 'challenge_category': ['Welcome', 'Solidity']}"
65,0xsanson,104,"{'challenge_name': ['Welcome Discord Challenge', 'Diamond Heist'], 'challenge_category': ['Welcome', 'Solidity']}"
66,agent3bood,104,"{'challenge_name': ['Welcome Discord Challenge', 'Diamond Heist'], 'challenge_category': ['Welcome', 'Solidity']}"
67,pogo,104,"{'challenge_name': ['Welcome Discord Challenge', 'Diamond Heist'], 'challenge_category': ['Welcome', 'Solidity']}"
68,SeveriTYSQUAD,104,"{'challenge_name': ['Welcome Discord Challenge', 'Diamond Heist'], 'challenge_category': ['Welcome', 'Solidity']}"
69,youtiaos,94,"{'challenge_name': ['Diamond Heist'], 'challenge_category': ['Solidity']}"
70,hAHAHA,94,"{'challenge_name': ['Diamond Heist'], 'challenge_category': ['Solidity']}"
71,> r0/dev/null,10,"{'challenge_name': ['Welcome Discord Challenge'], 'challenge_category': ['Welcome']}"
72,Apacheterbang,10,"{'challenge_name': ['Welcome Discord Challenge'], 'challenge_category': ['Welcome']}"
73,DIONLABS x MISIS,10,"{'challenge_name': ['Welcome Discord Challenge'], 'challenge_category': ['Welcome']}"
74,trigamma,10,"{'challenge_name': ['Welcome Discord Challenge'], 'challenge_category': ['Welcome']}"
75,QnQSec,10,"{'challenge_name': ['Welcome Discord Challenge'], 'challenge_category': ['Welcome']}"
76,scuwn,10,"{'challenge_name': ['Welcome Discord Challenge'], 'challenge_category': ['Welcome']}"
77,AIRxEROS,10,"{'challenge_name': ['Welcome Discord Challenge'], 'challenge_category': ['Welcome']}"
78,Terminal Titans,10,"{'challenge_name': ['Welcome Discord Challenge'], 'challenge_category': ['Welcome']}"
79,orez,10,"{'challenge_name': ['Welcome Discord Challenge'], 'challenge_category': ['Welcome']}"
80,Schrodinger Bears,10,"{'challenge_name': ['Welcome Discord Challenge'], 'challenge_category': ['Welcome']}"
81,gg_h3ckl3r,10,"{'challenge_name': ['Welcome Discord Challenge'], 'challenge_category': ['Welcome']}"
82,ideosphere_protocol,10,"{'challenge_name': ['Welcome Discord Challenge'], 'challenge_category': ['Welcome']}"
83,D6ath E9ters,10,"{'challenge_name': ['Welcome Discord Challenge'], 'challenge_category': ['Welcome']}"
84,CYB3R_ADDICTS,10,"{'challenge_name': ['Welcome Discord Challenge'], 'challenge_category': ['Welcome']}"
85,kBxAc,10,"{'challenge_name': ['Welcome Discord Challenge'], 'challenge_category': ['Welcome']}"
86,neosekai,10,"{'challenge_name': ['Welcome Discord Challenge'], 'challenge_category': ['Welcome']}"
87,Nc{Cat},10,"{'challenge_name': ['Welcome Discord Challenge'], 'challenge_category': ['Welcome']}"
88,slight_smile,10,"{'challenge_name': ['Welcome Discord Challenge'], 'challenge_category': ['Welcome']}"
89,RabbitHorse,10,"{'challenge_name': ['Welcome Discord Challenge'], 'challenge_category': ['Welcome']}"
90,WAGNAK,10,"{'challenge_name': ['Welcome Discord Challenge'], 'challenge_category': ['Welcome']}"
91,CESI2K17,10,"{'challenge_name': ['Welcome Discord Challenge'], 'challenge_category': ['Welcome']}"
92,Les HandicapÃ©s,10,"{'challenge_name': ['Welcome Discord Challenge'], 'challenge_category': ['Welcome']}"
93,ADA INDONESIA COY,10,"{'challenge_name': ['Welcome Discord Challenge'], 'challenge_category': ['Welcome']}"
94,Manga,10,"{'challenge_name': ['Welcome Discord Challenge'], 'challenge_category': ['Welcome']}"
95,S.O.A.P,10,"{'challenge_name': ['Welcome Discord Challenge'], 'challenge_category': ['Welcome']}"
96,Hidden Investigations,10,"{'challenge_name': ['Welcome Discord Challenge'], 'challenge_category': ['Welcome']}"
97,Rats,10,"{'challenge_name': ['Welcome Discord Challenge'], 'challenge_category': ['Welcome']}"
98,two dollar,10,"{'challenge_name': ['Welcome Discord Challenge'], 'challenge_category': ['Welcome']}"
99,venoms,10,"{'challenge_name': ['Welcome Discord Challenge'], 'challenge_category': ['Welcome']}"
100,team plusk,10,"{'challenge_name': ['Welcome Discord Challenge'], 'challenge_category': ['Welcome']}"
101,0xdd,10,"{'challenge_name': ['Welcome Discord Challenge'], 'challenge_category': ['Welcome']}"
102,Sea~,10,"{'challenge_name': ['Welcome Discord Challenge'], 'challenge_category': ['Welcome']}"
103,Nepker,10,"{'challenge_name': ['Welcome Discord Challenge'], 'challenge_category': ['Welcome']}"
104,lifeless,10,"{'challenge_name': ['Welcome Discord Challenge'], 'challenge_category': ['Welcome']}"
105,Davide,10,"{'challenge_name': ['Welcome Discord Challenge'], 'challenge_category': ['Welcome']}"
106,R0PSEC,10,"{'challenge_name': ['Welcome Discord Challenge'], 'challenge_category': ['Welcome']}"
107,27,10,"{'challenge_name': ['Welcome Discord Challenge'], 'challenge_category': ['Welcome']}"
108,0xsecops,10,"{'challenge_name': ['Welcome Discord Challenge'], 'challenge_category': ['Welcome']}"
109,Pwn3d P4nth3rs,10,"{'challenge_name': ['Welcome Discord Challenge'], 'challenge_category': ['Welcome']}"
110,bakayang,10,"{'challenge_name': ['Welcome Discord Challenge'], 'challenge_category': ['Welcome']}"
111,Jiang,10,"{'challenge_name': ['Welcome Discord Challenge'], 'challenge_category': ['Welcome']}"
112,SilentScream,10,"{'challenge_name': ['Welcome Discord Challenge'], 'challenge_category': ['Welcome']}"
113,3r0th3r CC,10,"{'challenge_name': ['Welcome Discord Challenge'], 'challenge_category': ['Welcome']}"
114,m30w,10,"{'challenge_name': ['Welcome Discord Challenge'], 'challenge_category': ['Welcome']}"
115,Imp3rator,10,"{'challenge_name': ['Welcome Discord Challenge'], 'challenge_category': ['Welcome']}"
116,M1tM,10,"{'challenge_name': ['Welcome Discord Challenge'], 'challenge_category': ['Welcome']}"
117,Ph4nt0mz,10,"{'challenge_name': ['Welcome Discord Challenge'], 'challenge_category': ['Welcome']}"
118,savi0ur,10,"{'challenge_name': ['Welcome Discord Challenge'], 'challenge_category': ['Welcome']}"
119,BatteringRAM,10,"{'challenge_name': ['Welcome Discord Challenge'], 'challenge_category': ['Welcome']}"
120,GLiTCh GreMLIns,10,"{'challenge_name': ['Welcome Discord Challenge'], 'challenge_category': ['Welcome']}"
121,mad1337,10,"{'challenge_name': ['Welcome Discord Challenge'], 'challenge_category': ['Welcome']}"
122,Invaders0x1,10,"{'challenge_name': ['Welcome Discord Challenge'], 'challenge_category': ['Welcome']}"
123,madwanzi,10,"{'challenge_name': ['Welcome Discord Challenge'], 'challenge_category': ['Welcome']}"
124,Skyge,10,"{'challenge_name': ['Welcome Discord Challenge'], 'challenge_category': ['Welcome']}"
125,High_five,10,"{'challenge_name': ['Welcome Discord Challenge'], 'challenge_category': ['Welcome']}"
126,FHD_5,10,"{'challenge_name': ['Welcome Discord Challenge'], 'challenge_category': ['Welcome']}"
127,solady,10,"{'challenge_name': ['Welcome Discord Challenge'], 'challenge_category': ['Welcome']}"
128,Suraforjor,10,"{'challenge_name': ['Welcome Discord Challenge'], 'challenge_category': ['Welcome']}"
129,proutme,10,"{'challenge_name': ['Welcome Discord Challenge'], 'challenge_category': ['Welcome']}"
130,PHLESS,10,"{'challenge_name': ['Welcome Discord Challenge'], 'challenge_category': ['Welcome']}"
131,Team vamp,10,"{'challenge_name': ['Welcome Discord Challenge'], 'challenge_category': ['Welcome']}"
132,Manish Jangir,10,"{'challenge_name': ['Welcome Discord Challenge'], 'challenge_category': ['Welcome']}"
133,CyberShark123,10,"{'challenge_name': ['Welcome Discord Challenge'], 'challenge_category': ['Welcome']}"
134,New_gen,10,"{'challenge_name': ['Welcome Discord Challenge'], 'challenge_category': ['Welcome']}"
135,MSL,10,"{'challenge_name': ['Welcome Discord Challenge'], 'challenge_category': ['Welcome']}"
136,Team X,10,"{'challenge_name': ['Welcome Discord Challenge'], 'challenge_category': ['Welcome']}"
137,0bug,10,"{'challenge_name': ['Welcome Discord Challenge'], 'challenge_category': ['Welcome']}"
138,za balance,10,"{'challenge_name': ['Welcome Discord Challenge'], 'challenge_category': ['Welcome']}"
139,binaries codes,10,"{'challenge_name': ['Welcome Discord Challenge'], 'challenge_category': ['Welcome']}"
140,P0S1T1VE,10,"{'challenge_name': ['Welcome Discord Challenge'], 'challenge_category': ['Welcome']}"
141,four_ponyman,10,"{'challenge_name': ['Welcome Discord Challenge'], 'challenge_category': ['Welcome']}"
142,é»„è±†å®‰å…¨å®žéªŒå®¤,10,"{'challenge_name': ['Welcome Discord Challenge'], 'challenge_category': ['Welcome']}"
143,ctfrrteam,10,"{'challenge_name': ['Welcome Discord Challenge'], 'challenge_category': ['Welcome']}"
144,ALONE-WARRIOR,10,"{'challenge_name': ['Welcome Discord Challenge'], 'challenge_category': ['Welcome']}"
145,mewomewomewo,10,"{'challenge_name': ['Welcome Discord Challenge'], 'challenge_category': ['Welcome']}"
146,Keylogger Kings,10,"{'challenge_name': ['Welcome Discord Challenge'], 'challenge_category': ['Welcome']}"
147,BOMB,10,"{'challenge_name': ['Welcome Discord Challenge'], 'challenge_category': ['Welcome']}"
148,The Comets,10,"{'challenge_name': ['Welcome Discord Challenge'], 'challenge_category': ['Welcome']}"
149,0xE0F,10,"{'challenge_name': ['Welcome Discord Challenge'], 'challenge_category': ['Welcome']}"
150,the bob johns,10,"{'challenge_name': ['Welcome Discord Challenge'], 'challenge_category': ['Welcome']}"
151,IceSqQuad,10,"{'challenge_name': ['Welcome Discord Challenge'], 'challenge_category': ['Welcome']}"
152,Blue Lock Eleven,10,"{'challenge_name': ['Welcome Discord Challenge'], 'challenge_category': ['Welcome']}"
153,WhiteCat,10,"{'challenge_name': ['Welcome Discord Challenge'], 'challenge_category': ['Welcome']}"
154,MM8,10,"{'challenge_name': ['Welcome Discord Challenge'], 'challenge_category': ['Welcome']}"
155,Make-Money-EASY-AGAIN,10,"{'challenge_name': ['Welcome Discord Challenge'], 'challenge_category': ['Welcome']}"
156,jovemjeune,10,"{'challenge_name': ['Welcome Discord Challenge'], 'challenge_category': ['Welcome']}"
157,Penanamanggur,10,"{'challenge_name': ['Welcome Discord Challenge'], 'challenge_category': ['Welcome']}"
158,Lowelos,10,"{'challenge_name': ['Welcome Discord Challenge'], 'challenge_category': ['Welcome']}"
159,SecondTeam,10,"{'challenge_name': ['Welcome Discord Challenge'], 'challenge_category': ['Welcome']}"
160,GM,10,"{'challenge_name': ['Welcome Discord Challenge'], 'challenge_category': ['Welcome']}"
161,W3yw4rd,10,"{'challenge_name': ['Welcome Discord Challenge'], 'challenge_category': ['Welcome']}"
162,phoenix,10,"{'challenge_name': ['Welcome Discord Challenge'], 'challenge_category': ['Welcome']}"
163,The cyber vaders,10,"{'challenge_name': ['Welcome Discord Challenge'], 'challenge_category': ['Welcome']}"
164,yosef,10,"{'challenge_name': ['Welcome Discord Challenge'], 'challenge_category': ['Welcome']}"
165,Brain not found,10,"{'challenge_name': ['Welcome Discord Challenge'], 'challenge_category': ['Welcome']}"
166,ÐºÐ²Ð°Ð´Ñ€Ð¾Ñ‘Ð±ÐµÑ€Ñ‹,10,"{'challenge_name': ['Welcome Discord Challenge'], 'challenge_category': ['Welcome']}"
167,Encryptorium,10,"{'challenge_name': ['Welcome Discord Challenge'], 'challenge_category': ['Welcome']}"
168,NCA@Nepal,10,"{'challenge_name': ['Welcome Discord Challenge'], 'challenge_category': ['Welcome']}"
169,4nv4t,10,"{'challenge_name': ['Welcome Discord Challenge'], 'challenge_category': ['Welcome']}"
170,scythe,10,"{'challenge_name': ['Welcome Discord Challenge'], 'challenge_category': ['Welcome']}"
171,sajan,10,"{'challenge_name': ['Welcome Discord Challenge'], 'challenge_category': ['Welcome']}"
172,goeasyonme,10,"{'challenge_name': ['Welcome Discord Challenge'], 'challenge_category': ['Welcome']}"
173,CSL,10,"{'challenge_name': ['Welcome Discord Challenge'], 'challenge_category': ['Welcome']}"
174,Inimys,10,"{'challenge_name': ['Welcome Discord Challenge'], 'challenge_category': ['Welcome']}"
175,orangesantra,10,"{'challenge_name': ['Welcome Discord Challenge'], 'challenge_category': ['Welcome']}"
176,queennevercrybutweareprincess,10,"{'challenge_name': ['Welcome Discord Challenge'], 'challenge_category': ['Welcome']}"
177,The Hacktivists,10,"{'challenge_name': ['Welcome Discord Challenge'], 'challenge_category': ['Welcome']}"
178,0xfun,10,"{'challenge_name': ['Welcome Discord Challenge'], 'challenge_category': ['Welcome']}"
179,Team anon,10,"{'challenge_name': ['Welcome Discord Challenge'], 'challenge_category': ['Welcome']}"
180,FIREGATE,10,"{'challenge_name': ['Welcome Discord Challenge'], 'challenge_category': ['Welcome']}"
181,SOLOner,10,"{'challenge_name': ['Welcome Discord Challenge'], 'challenge_category': ['Welcome']}"
182,FORENSEEK,10,"{'challenge_name': ['Welcome Discord Challenge'], 'challenge_category': ['Welcome']}"
183,1NV3S71G470RS,10,"{'challenge_name': ['Welcome Discord Challenge'], 'challenge_category': ['Welcome']}"
184,7TW_Cr3W,10,"{'challenge_name': ['Welcome Discord Challenge'], 'challenge_category': ['Welcome']}"
185,Odyssey ops,10,"{'challenge_name': ['Welcome Discord Challenge'], 'challenge_category': ['Welcome']}"
186,rk01m,10,"{'challenge_name': ['Welcome Discord Challenge'], 'challenge_category': ['Welcome']}"
187,Satan's nakama,10,"{'challenge_name': ['Welcome Discord Challenge'], 'challenge_category': ['Welcome']}"
188,DIGGAJ,10,"{'challenge_name': ['Welcome Discord Challenge'], 'challenge_category': ['Welcome']}"
189,0xwhyzee,10,"{'challenge_name': ['Welcome Discord Challenge'], 'challenge_category': ['Welcome']}"
190,error_404,10,"{'challenge_name': ['Welcome Discord Challenge'], 'challenge_category': ['Welcome']}"
191,Milady Hack,10,"{'challenge_name': ['Welcome Discord Challenge'], 'challenge_category': ['Welcome']}"
192,BITSkrieg,10,"{'challenge_name': ['Welcome Discord Challenge'], 'challenge_category': ['Welcome']}"
193,cool team,10,"{'challenge_name': ['Welcome Discord Challenge'], 'challenge_category': ['Welcome']}"
194,R3DARK.EXE,10,"{'challenge_name': ['Welcome Discord Challenge'], 'challenge_category': ['Welcome']}"
195,0x0bserver,10,"{'challenge_name': ['Welcome Discord Challenge'], 'challenge_category': ['Welcome']}"
196,helvetic_hackers,10,"{'challenge_name': ['Welcome Discord Challenge'], 'challenge_category': ['Welcome']}"
197,pullman,10,"{'challenge_name': ['Welcome Discord Challenge'], 'challenge_category': ['Welcome']}"
198,PrivateUser,10,"{'challenge_name': ['Welcome Discord Challenge'], 'challenge_category': ['Welcome']}"
199,C1ph3rSt0rms,10,"{'challenge_name': ['Welcome Discord Challenge'], 'challenge_category': ['Welcome']}"
200,BPDB,10,"{'challenge_name': ['Welcome Discord Challenge'], 'challenge_category': ['Welcome']}"
201,HxH,10,"{'challenge_name': ['Welcome Discord Challenge'], 'challenge_category': ['Welcome']}"
202,flagtracer,10,"{'challenge_name': ['Welcome Discord Challenge'], 'challenge_category': ['Welcome']}"
203,CyberUnicorn,10,"{'challenge_name': ['Welcome Discord Challenge'], 'challenge_category': ['Welcome']}"
204,wayphone,10,"{'challenge_name': ['Welcome Discord Challenge'], 'challenge_category': ['Welcome']}"
205,1DA BIHI DAR MAMAS,10,"{'challenge_name': ['Welcome Discord Challenge'], 'challenge_category': ['Welcome']}"
206,KpyT0,10,"{'challenge_name': ['Welcome Discord Challenge'], 'challenge_category': ['Welcome']}"
207,sh3r,10,"{'challenge_name': ['Welcome Discord Challenge'], 'challenge_category': ['Welcome']}"
208,o4day,10,"{'challenge_name': ['Welcome Discord Challenge'], 'challenge_category': ['Welcome']}"
209,Arrbat`s team,10,"{'challenge_name': ['Welcome Discord Challenge'], 'challenge_category': ['Welcome']}"
210,gamerfreaks,10,"{'challenge_name': ['Welcome Discord Challenge'], 'challenge_category': ['Welcome']}"
211,Hacktrace,10,"{'challenge_name': ['Welcome Discord Challenge'], 'challenge_category': ['Welcome']}"
212,FsOCIETY,10,"{'challenge_name': ['Welcome Discord Challenge'], 'challenge_category': ['Welcome']}"
213,DTRUMP,10,"{'challenge_name': ['Welcome Discord Challenge'], 'challenge_category': ['Welcome']}"
214,Simonidas,10,"{'challenge_name': ['Welcome Discord Challenge'], 'challenge_category': ['Welcome']}"
215,Web3invokason,10,"{'challenge_name': ['Welcome Discord Challenge'], 'challenge_category': ['Welcome']}"
216,Magnum,10,"{'challenge_name': ['Welcome Discord Challenge'], 'challenge_category': ['Welcome']}"
217,Vidus,10,"{'challenge_name': ['Welcome Discord Challenge'], 'challenge_category': ['Welcome']}"
218,black hole,10,"{'challenge_name': ['Welcome Discord Challenge'], 'challenge_category': ['Welcome']}"
219,data/redacted,10,"{'challenge_name': ['Welcome Discord Challenge'], 'challenge_category': ['Welcome']}"
220,ww,10,"{'challenge_name': ['Welcome Discord Challenge'], 'challenge_category': ['Welcome']}"
221,5yn0us14,10,"{'challenge_name': ['Welcome Discord Challenge'], 'challenge_category': ['Welcome']}"
222,TACHODEX,10,"{'challenge_name': ['Welcome Discord Challenge'], 'challenge_category': ['Welcome']}"
223,99,10,"{'challenge_name': ['Welcome Discord Challenge'], 'challenge_category': ['Welcome']}"
224,Astar,10,"{'challenge_name': ['Welcome Discord Challenge'], 'challenge_category': ['Welcome']}"
225,Cyberfreak,10,"{'challenge_name': ['Welcome Discord Challenge'], 'challenge_category': ['Welcome']}"
226,ch1lL_9uy,10,"{'challenge_name': ['Welcome Discord Challenge'], 'challenge_category': ['Welcome']}"
227,warlordsam,10,"{'challenge_name': ['Welcome Discord Challenge'], 'challenge_category': ['Welcome']}"
228,bytethecookies,10,"{'challenge_name': ['Welcome Discord Challenge'], 'challenge_category': ['Welcome']}"
229,INfini,10,"{'challenge_name': ['Welcome Discord Challenge'], 'challenge_category': ['Welcome']}"
230,JUST PLAYING,10,"{'challenge_name': ['Welcome Discord Challenge'], 'challenge_category': ['Welcome']}"
231,SML,10,"{'challenge_name': ['Welcome Discord Challenge'], 'challenge_category': ['Welcome']}"
232,Dev,10,"{'challenge_name': ['Welcome Discord Challenge'], 'challenge_category': ['Welcome']}"
233,AtlasPwners,10,"{'challenge_name': ['Welcome Discord Challenge'], 'challenge_category': ['Welcome']}"
234,CyberUNIT,10,"{'challenge_name': ['Welcome Discord Challenge'], 'challenge_category': ['Welcome']}"
235,hackitty,10,"{'challenge_name': ['Welcome Discord Challenge'], 'challenge_category': ['Welcome']}"
236,A5ura,10,"{'challenge_name': ['Welcome Discord Challenge'], 'challenge_category': ['Welcome']}"
237,Byte Jugglers,10,"{'challenge_name': ['Welcome Discord Challenge'], 'challenge_category': ['Welcome']}"
238,raksa,10,"{'challenge_name': ['Welcome Discord Challenge'], 'challenge_category': ['Welcome']}"
239,officERS,10,"{'challenge_name': ['Welcome Discord Challenge'], 'challenge_category': ['Welcome']}"
240,Iqoo,10,"{'challenge_name': ['Welcome Discord Challenge'], 'challenge_category': ['Welcome']}"
241,VigilantE,10,"{'challenge_name': ['Welcome Discord Challenge'], 'challenge_category': ['Welcome']}"
242,ð“ƒ°ðŸ‡¹ðŸ‡³,10,"{'challenge_name': ['Welcome Discord Challenge'], 'challenge_category': ['Welcome']}"
243,Knightbirds,10,"{'challenge_name': ['Welcome Discord Challenge'], 'challenge_category': ['Welcome']}"
244,kkk,10,"{'challenge_name': ['Welcome Discord Challenge'], 'challenge_category': ['Welcome']}"
245,ABOBIL Team,10,"{'challenge_name': ['Welcome Discord Challenge'], 'challenge_category': ['Welcome']}"
246,f4n_n3r0,10,"{'challenge_name': ['Welcome Discord Challenge'], 'challenge_category': ['Welcome']}"
247,Oliv9,10,"{'challenge_name': ['Welcome Discord Challenge'], 'challenge_category': ['Welcome']}"
248,PowerPuffBoys,10,"{'challenge_name': ['Welcome Discord Challenge'], 'challenge_category': ['Welcome']}"
249,OuY4Ng,10,"{'challenge_name': ['Welcome Discord Challenge'], 'challenge_category': ['Welcome']}"
250,PenProb,10,"{'challenge_name': ['Welcome Discord Challenge'], 'challenge_category': ['Welcome']}"
251,Robert'); DROP TABLE Students;--,10,"{'challenge_name': ['Welcome Discord Challenge'], 'challenge_category': ['Welcome']}"
252,d-team,10,"{'challenge_name': ['Welcome Discord Challenge'], 'challenge_category': ['Welcome']}"
253,laevatain,10,"{'challenge_name': ['Welcome Discord Challenge'], 'challenge_category': ['Welcome']}"
254,G1tc_Gu4rdians,10,"{'challenge_name': ['Welcome Discord Challenge'], 'challenge_category': ['Welcome']}"
255,roman_Charm,10,"{'challenge_name': ['Welcome Discord Challenge'], 'challenge_category': ['Welcome']}"
256,Doozers,10,"{'challenge_name': ['Welcome Discord Challenge'], 'challenge_category': ['Welcome']}"
257,ghosr,10,"{'challenge_name': ['Welcome Discord Challenge'], 'challenge_category': ['Welcome']}"
258,æ¬§çš‡,10,"{'challenge_name': ['Welcome Discord Challenge'], 'challenge_category': ['Welcome']}"
259,p0pk1,10,"{'challenge_name': ['Welcome Discord Challenge'], 'challenge_category': ['Welcome']}"
260,Shiv,10,"{'challenge_name': ['Welcome Discord Challenge'], 'challenge_category': ['Welcome']}"
261,Capture the Swag,10,"{'challenge_name': ['Welcome Discord Challenge'], 'challenge_category': ['Welcome']}"
262,hji,10,"{'challenge_name': ['Welcome Discord Challenge'], 'challenge_category': ['Welcome']}"
263,ocean bird,10,"{'challenge_name': ['Welcome Discord Challenge'], 'challenge_category': ['Welcome']}"
264,TieSInger_Solo,10,"{'challenge_name': ['Welcome Discord Challenge'], 'challenge_category': ['Welcome']}"
265,dyno,10,"{'challenge_name': ['Welcome Discord Challenge'], 'challenge_category': ['Welcome']}"
266,h3ckm3ck,10,"{'challenge_name': ['Welcome Discord Challenge'], 'challenge_category': ['Welcome']}"
267,Notfind,10,"{'challenge_name': ['Welcome Discord Challenge'], 'challenge_category': ['Welcome']}"
268,LaZY_Spartans,10,"{'challenge_name': ['Welcome Discord Challenge'], 'challenge_category': ['Welcome']}"
269,xploit hound,10,"{'challenge_name': ['Welcome Discord Challenge'], 'challenge_category': ['Welcome']}"
270,R1yhtp,10,"{'challenge_name': ['Welcome Discord Challenge'], 'challenge_category': ['Welcome']}"
271,SuperMario,10,"{'challenge_name': ['Welcome Discord Challenge'], 'challenge_category': ['Welcome']}"
272,codejavu,10,"{'challenge_name': ['Welcome Discord Challenge'], 'challenge_category': ['Welcome']}"
273,hail,10,"{'challenge_name': ['Welcome Discord Challenge'], 'challenge_category': ['Welcome']}"
274,Ibex cyber intelligence,10,"{'challenge_name': ['Welcome Discord Challenge'], 'challenge_category': ['Welcome']}"
275,isp.flexible,10,"{'challenge_name': ['Welcome Discord Challenge'], 'challenge_category': ['Welcome']}"
276,888hacker,10,"{'challenge_name': ['Welcome Discord Challenge'], 'challenge_category': ['Welcome']}"
277,Mistakenforstrangers,10,"{'challenge_name': ['Welcome Discord Challenge'], 'challenge_category': ['Welcome']}"
278,EHT,10,"{'challenge_name': ['Welcome Discord Challenge'], 'challenge_category': ['Welcome']}"
279,MalMaN,10,"{'challenge_name': ['Welcome Discord Challenge'], 'challenge_category': ['Welcome']}"
280,DarkAngel,10,"{'challenge_name': ['Welcome Discord Challenge'], 'challenge_category': ['Welcome']}"
281,BrainRot,10,"{'challenge_name': ['Welcome Discord Challenge'], 'challenge_category': ['Welcome']}"
282,PURPLE,10,"{'challenge_name': ['Welcome Discord Challenge'], 'challenge_category': ['Welcome']}"
283,project_power_of_pwn,10,"{'challenge_name': ['Welcome Discord Challenge'], 'challenge_category': ['Welcome']}"
284,notpnwedyet,10,"{'challenge_name': ['Welcome Discord Challenge'], 'challenge_category': ['Welcome']}"
285,JF,10,"{'challenge_name': ['Welcome Discord Challenge'], 'challenge_category': ['Welcome']}"
286,CIKIDOT,10,"{'challenge_name': ['Welcome Discord Challenge'], 'challenge_category': ['Welcome']}"
287,Kira,10,"{'challenge_name': ['Welcome Discord Challenge'], 'challenge_category': ['Welcome']}"
288,Space_Bound_Err3r,10,"{'challenge_name': ['Welcome Discord Challenge'], 'challenge_category': ['Welcome']}"
289,Silent hacker,10,"{'challenge_name': ['Welcome Discord Challenge'], 'challenge_category': ['Welcome']}"
290,Shellskapsresan,10,"{'challenge_name': ['Welcome Discord Challenge'], 'challenge_category': ['Welcome']}"
291,Big boys,10,"{'challenge_name': ['Welcome Discord Challenge'], 'challenge_category': ['Welcome']}"
292,pindjouf,10,"{'challenge_name': ['Welcome Discord Challenge'], 'challenge_category': ['Welcome']}"
293,Î”V,10,"{'challenge_name': ['Welcome Discord Challenge'], 'challenge_category': ['Welcome']}"
294,TeamWithNoMeber,10,"{'challenge_name': ['Welcome Discord Challenge'], 'challenge_category': ['Welcome']}"
295,V0L7-XPL017,10,"{'challenge_name': ['Welcome Discord Challenge'], 'challenge_category': ['Welcome']}"
296,cube3,10,"{'challenge_name': ['Welcome Discord Challenge'], 'challenge_category': ['Welcome']}"
297,7rcha,10,"{'challenge_name': ['Welcome Discord Challenge'], 'challenge_category': ['Welcome']}"
298,Crypto knights,10,"{'challenge_name': ['Welcome Discord Challenge'], 'challenge_category': ['Welcome']}"
299,Nano Bite,10,"{'challenge_name': ['Welcome Discord Challenge'], 'challenge_category': ['Welcome']}"
300,Dionysos,10,"{'challenge_name': ['Welcome Discord Challenge'], 'challenge_category': ['Welcome']}"
301,silicopx,10,"{'challenge_name': ['Welcome Discord Challenge'], 'challenge_category': ['Welcome']}"
302,Thatctf,10,"{'challenge_name': ['Welcome Discord Challenge'], 'challenge_category': ['Welcome']}"
303,Straw hat hackers,10,"{'challenge_name': ['Welcome Discord Challenge'], 'challenge_category': ['Welcome']}"
304,ENSA TANGER,10,"{'challenge_name': ['Welcome Discord Challenge'], 'challenge_category': ['Welcome']}"
305,East_siders,10,"{'challenge_name': ['Welcome Discord Challenge'], 'challenge_category': ['Welcome']}"
306,Typing,10,"{'challenge_name': ['Welcome Discord Challenge'], 'challenge_category': ['Welcome']}"
307,VexWizard,10,"{'challenge_name': ['Welcome Discord Challenge'], 'challenge_category': ['Welcome']}"
308,Asome_Lamentxu,10,"{'challenge_name': ['Welcome Discord Challenge'], 'challenge_category': ['Welcome']}"
309,ar,10,"{'challenge_name': ['Welcome Discord Challenge'], 'challenge_category': ['Welcome']}"
310,Jaggu,10,"{'challenge_name': ['Welcome Discord Challenge'], 'challenge_category': ['Welcome']}"
311,zatal,10,"{'challenge_name': ['Welcome Discord Challenge'], 'challenge_category': ['Welcome']}"
312,Amber,10,"{'challenge_name': ['Welcome Discord Challenge'], 'challenge_category': ['Welcome']}"
313,xxx0xx1001xx,10,"{'challenge_name': ['Welcome Discord Challenge'], 'challenge_category': ['Welcome']}"
314,Chill_guys,10,"{'challenge_name': ['Welcome Discord Challenge'], 'challenge_category': ['Welcome']}"
315,0r@ng3_C4t,10,"{'challenge_name': ['Welcome Discord Challenge'], 'challenge_category': ['Welcome']}"
316,d,10,"{'challenge_name': ['Welcome Discord Challenge'], 'challenge_category': ['Welcome']}"
317,strapontin,10,"{'challenge_name': ['Welcome Discord Challenge'], 'challenge_category': ['Welcome']}"
318,mfon,10,"{'challenge_name': ['Welcome Discord Challenge'], 'challenge_category': ['Welcome']}"
319,top block,10,"{'challenge_name': ['Welcome Discord Challenge'], 'challenge_category': ['Welcome']}"
320,BWH,10,"{'challenge_name': ['Welcome Discord Challenge'], 'challenge_category': ['Welcome']}"
321,Architect Q,10,"{'challenge_name': ['Welcome Discord Challenge'], 'challenge_category': ['Welcome']}"
322,VCC,10,"{'challenge_name': ['Welcome Discord Challenge'], 'challenge_category': ['Welcome']}"
323,curs>d2,10,"{'challenge_name': ['Welcome Discord Challenge'], 'challenge_category': ['Welcome']}"
324,Hackbit,10,"{'challenge_name': ['Welcome Discord Challenge'], 'challenge_category': ['Welcome']}"
325,cyquest,10,"{'challenge_name': ['Welcome Discord Challenge'], 'challenge_category': ['Welcome']}"
326,CSI,10,"{'challenge_name': ['Welcome Discord Challenge'], 'challenge_category': ['Welcome']}"
327,Hack Smarter,10,"{'challenge_name': ['Welcome Discord Challenge'], 'challenge_category': ['Welcome']}"
328,test123,10,"{'challenge_name': ['Welcome Discord Challenge'], 'challenge_category': ['Welcome']}"
329,SHELL_C0DE TEAM,10,"{'challenge_name': ['Welcome Discord Challenge'], 'challenge_category': ['Welcome']}"
330,Untitled CTF Game,10,"{'challenge_name': ['Welcome Discord Challenge'], 'challenge_category': ['Welcome']}"
331,CipherHunters,10,"{'challenge_name': ['Welcome Discord Challenge'], 'challenge_category': ['Welcome']}"
332,planetearth,10,"{'challenge_name': ['Welcome Discord Challenge'], 'challenge_category': ['Welcome']}"
333,N2L,10,"{'challenge_name': ['Welcome Discord Challenge'], 'challenge_category': ['Welcome']}"
334,STRIKING LIONS,10,"{'challenge_name': ['Welcome Discord Challenge'], 'challenge_category': ['Welcome']}"
335,dOZER,10,"{'challenge_name': ['Welcome Discord Challenge'], 'challenge_category': ['Welcome']}"
336,RedSOC,10,"{'challenge_name': ['Welcome Discord Challenge'], 'challenge_category': ['Welcome']}"
337,desihackers,10,"{'challenge_name': ['Welcome Discord Challenge'], 'challenge_category': ['Welcome']}"
338,Al-Khwarizmi Brigade,10,"{'challenge_name': ['Welcome Discord Challenge'], 'challenge_category': ['Welcome']}"
339,gd,10,"{'challenge_name': ['Welcome Discord Challenge'], 'challenge_category': ['Welcome']}"
340,sorin,10,"{'challenge_name': ['Welcome Discord Challenge'], 'challenge_category': ['Welcome']}"
341,OSPF,10,"{'challenge_name': ['Welcome Discord Challenge'], 'challenge_category': ['Welcome']}"
342,X3 Security,10,"{'challenge_name': ['Welcome Discord Challenge'], 'challenge_category': ['Welcome']}"
343,CyberDucks,10,"{'challenge_name': ['Welcome Discord Challenge'], 'challenge_category': ['Welcome']}"
344,Void gate,10,"{'challenge_name': ['Welcome Discord Challenge'], 'challenge_category': ['Welcome']}"
345,401_Ï€R4tes,10,"{'challenge_name': ['Welcome Discord Challenge'], 'challenge_category': ['Welcome']}"
346,0xnas,10,"{'challenge_name': ['Welcome Discord Challenge'], 'challenge_category': ['Welcome']}"
347,0xSolWrecker,10,"{'challenge_name': ['Welcome Discord Challenge'], 'challenge_category': ['Welcome']}"
348,Y0U.hav3.b3En.pwn3D,10,"{'challenge_name': ['Welcome Discord Challenge'], 'challenge_category': ['Welcome']}"
349,siark,10,"{'challenge_name': ['Welcome Discord Challenge'], 'challenge_category': ['Welcome']}"
350,T3ST,10,"{'challenge_name': ['Welcome Discord Challenge'], 'challenge_category': ['Welcome']}"
351,Frrrrom-dgut,10,"{'challenge_name': ['Welcome Discord Challenge'], 'challenge_category': ['Welcome']}"
352,gothamgone,10,"{'challenge_name': ['Welcome Discord Challenge'], 'challenge_category': ['Welcome']}"
353,L0ck8y7e,10,"{'challenge_name': ['Welcome Discord Challenge'], 'challenge_category': ['Welcome']}"
354,skulobasket,10,"{'challenge_name': ['Welcome Discord Challenge'], 'challenge_category': ['Welcome']}"
355,Davidpb,10,"{'challenge_name': ['Welcome Discord Challenge'], 'challenge_category': ['Welcome']}"
356,c4136,10,"{'challenge_name': ['Welcome Discord Challenge'], 'challenge_category': ['Welcome']}"
357,aria,10,"{'challenge_name': ['Welcome Discord Challenge'], 'challenge_category': ['Welcome']}"
358,crpta,10,"{'challenge_name': ['Welcome Discord Challenge'], 'challenge_category': ['Welcome']}"
359,ItPWNS,10,"{'challenge_name': ['Welcome Discord Challenge'], 'challenge_category': ['Welcome']}"
360,mogons,10,"{'challenge_name': ['Welcome Discord Challenge'], 'challenge_category': ['Welcome']}"
361,M4SEC,10,"{'challenge_name': ['Welcome Discord Challenge'], 'challenge_category': ['Welcome']}"
362,BugX,10,"{'challenge_name': ['Welcome Discord Challenge'], 'challenge_category': ['Welcome']}"
363,0xpwnec,10,"{'challenge_name': ['Welcome Discord Challenge'], 'challenge_category': ['Welcome']}"
364,detectors,10,"{'challenge_name': ['Welcome Discord Challenge'], 'challenge_category': ['Welcome']}"
365,Sk,10,"{'challenge_name': ['Welcome Discord Challenge'], 'challenge_category': ['Welcome']}"
366,Remedy CTF,10,"{'challenge_name': ['Welcome Discord Challenge'], 'challenge_category': ['Welcome']}"
367,CURS>D,10,"{'challenge_name': ['Welcome Discord Challenge'], 'challenge_category': ['Welcome']}"
368,Cg_hack,10,"{'challenge_name': ['Welcome Discord Challenge'], 'challenge_category': ['Welcome']}"
369,AVOLODER,10,"{'challenge_name': ['Welcome Discord Challenge'], 'challenge_category': ['Welcome']}"
370,BlackHAT,10,"{'challenge_name': ['Welcome Discord Challenge'], 'challenge_category': ['Welcome']}"
371,The_Sauceity,10,"{'challenge_name': ['Welcome Discord Challenge'], 'challenge_category': ['Welcome']}"
372,Alkor,10,"{'challenge_name': ['Welcome Discord Challenge'], 'challenge_category': ['Welcome']}"
373,TL,10,"{'challenge_name': ['Welcome Discord Challenge'], 'challenge_category': ['Welcome']}"
374,ISP1337Hackers,10,"{'challenge_name': ['Welcome Discord Challenge'], 'challenge_category': ['Welcome']}"
375,Matrix,10,"{'challenge_name': ['Welcome Discord Challenge'], 'challenge_category': ['Welcome']}"
376,why,10,"{'challenge_name': ['Welcome Discord Challenge'], 'challenge_category': ['Welcome']}"
377,soprano,10,"{'challenge_name': ['Welcome Discord Challenge'], 'challenge_category': ['Welcome']}"
378,ex3x,10,"{'challenge_name': ['Welcome Discord Challenge'], 'challenge_category': ['Welcome']}"
379,Bad astra Per Aspera,10,"{'challenge_name': ['Welcome Discord Challenge'], 'challenge_category': ['Welcome']}"
380,Despair,10,"{'challenge_name': ['Welcome Discord Challenge'], 'challenge_category': ['Welcome']}"
381,byteScript,10,"{'challenge_name': ['Welcome Discord Challenge'], 'challenge_category': ['Welcome']}"
382,nullifier0x00,10,"{'challenge_name': ['Welcome Discord Challenge'], 'challenge_category': ['Welcome']}"
383,41,10,"{'challenge_name': ['Welcome Discord Challenge'], 'challenge_category': ['Welcome']}"
384,r4c00ns,10,"{'challenge_name': ['Welcome Discord Challenge'], 'challenge_category': ['Welcome']}"
385,ospopen123,10,"{'challenge_name': ['Welcome Discord Challenge'], 'challenge_category': ['Welcome']}"
386,SnifferSquad,10,"{'challenge_name': ['Welcome Discord Challenge'], 'challenge_category': ['Welcome']}"
387,teamzz,10,"{'challenge_name': ['Welcome Discord Challenge'], 'challenge_category': ['Welcome']}"
388,W1TCH3RS,10,"{'challenge_name': ['Welcome Discord Challenge'], 'challenge_category': ['Welcome']}"
389,K3m_chua,10,"{'challenge_name': ['Welcome Discord Challenge'], 'challenge_category': ['Welcome']}"
390,MEOW^5_COIN,10,"{'challenge_name': ['Welcome Discord Challenge'], 'challenge_category': ['Welcome']}"
391,TEST1,10,"{'challenge_name': ['Welcome Discord Challenge'], 'challenge_category': ['Welcome']}"
392,ben w00dburn,10,"{'challenge_name': ['Welcome Discord Challenge'], 'challenge_category': ['Welcome']}"
393,XEro,10,"{'challenge_name': ['Welcome Discord Challenge'], 'challenge_category': ['Welcome']}"
394,HAO,10,"{'challenge_name': ['Welcome Discord Challenge'], 'challenge_category': ['Welcome']}"
395,CYBERCREWS,10,"{'challenge_name': ['Welcome Discord Challenge'], 'challenge_category': ['Welcome']}"
396,0x46,10,"{'challenge_name': ['Welcome Discord Challenge'], 'challenge_category': ['Welcome']}"
397,0xSoBaD,10,"{'challenge_name': ['Welcome Discord Challenge'], 'challenge_category': ['Welcome']}"
398,black_nindo,10,"{'challenge_name': ['Welcome Discord Challenge'], 'challenge_category': ['Welcome']}"
399,hextivist,10,"{'challenge_name': ['Welcome Discord Challenge'], 'challenge_category': ['Welcome']}"
400,phishtoryinthemaking,10,"{'challenge_name': ['Welcome Discord Challenge'], 'challenge_category': ['Welcome']}"
401,Beyond,10,"{'challenge_name': ['Welcome Discord Challenge'], 'challenge_category': ['Welcome']}"
402,cd,10,"{'challenge_name': ['Welcome Discord Challenge'], 'challenge_category': ['Welcome']}"
403,Pure_Talent,10,"{'challenge_name': ['Welcome Discord Challenge'], 'challenge_category': ['Welcome']}"
404,linguo_ok,10,"{'challenge_name': ['Welcome Discord Challenge'], 'challenge_category': ['Welcome']}"
405,owl_d,10,"{'challenge_name': ['Welcome Discord Challenge'], 'challenge_category': ['Welcome']}"
406,P4rad0x,10,"{'challenge_name': ['Welcome Discord Challenge'], 'challenge_category': ['Welcome']}"
407,Abort_survivors,10,"{'challenge_name': ['Welcome Discord Challenge'], 'challenge_category': ['Welcome']}"
408,GCC,10,"{'challenge_name': ['Welcome Discord Challenge'], 'challenge_category': ['Welcome']}"
409,layer zero,10,"{'challenge_name': ['Welcome Discord Challenge'], 'challenge_category': ['Welcome']}"
410,COOOKIE,10,"{'challenge_name': ['Welcome Discord Challenge'], 'challenge_category': ['Welcome']}"
411,Del0n1x,10,"{'challenge_name': ['Welcome Discord Challenge'], 'challenge_category': ['Welcome']}"
412,lowlevel,10,"{'challenge_name': ['Welcome Discord Challenge'], 'challenge_category': ['Welcome']}"
413,solup,10,"{'challenge_name': ['Welcome Discord Challenge'], 'challenge_category': ['Welcome']}"
414,Teepolysolo,10,"{'challenge_name': ['Welcome Discord Challenge'], 'challenge_category': ['Welcome']}"
415,Team. ROBOT,10,"{'challenge_name': ['Welcome Discord Challenge'], 'challenge_category': ['Welcome']}"
416,hydraxzb,10,"{'challenge_name': ['Welcome Discord Challenge'], 'challenge_category': ['Welcome']}"
417,CRYPTOBROS,10,"{'challenge_name': ['Welcome Discord Challenge'], 'challenge_category': ['Welcome']}"
418,Kanyarasi,10,"{'challenge_name': ['Welcome Discord Challenge'], 'challenge_category': ['Welcome']}"
419,a2,10,"{'challenge_name': ['Welcome Discord Challenge'], 'challenge_category': ['Welcome']}"
420,CRUSADERS,10,"{'challenge_name': ['Welcome Discord Challenge'], 'challenge_category': ['Welcome']}"
421,shellrippers,10,"{'challenge_name': ['Welcome Discord Challenge'], 'challenge_category': ['Welcome']}"
422,gindogin,10,"{'challenge_name': ['Welcome Discord Challenge'], 'challenge_category': ['Welcome']}"
423,Rooki3,10,"{'challenge_name': ['Welcome Discord Challenge'], 'challenge_category': ['Welcome']}"
424,0xv1ctu5,10,"{'challenge_name': ['Welcome Discord Challenge'], 'challenge_category': ['Welcome']}"
425,Wh0 4r3 w3,10,"{'challenge_name': ['Welcome Discord Challenge'], 'challenge_category': ['Welcome']}"
426,4nd,10,"{'challenge_name': ['Welcome Discord Challenge'], 'challenge_category': ['Welcome']}"
427,edoscoba,10,"{'challenge_name': ['Welcome Discord Challenge'], 'challenge_category': ['Welcome']}"
428,swanton,10,"{'challenge_name': ['Welcome Discord Challenge'], 'challenge_category': ['Welcome']}"
429,wolfgang,10,"{'challenge_name': ['Welcome Discord Challenge'], 'challenge_category': ['Welcome']}"
430,evil734cher,10,"{'challenge_name': ['Welcome Discord Challenge'], 'challenge_category': ['Welcome']}"
431,zapao,10,"{'challenge_name': ['Welcome Discord Challenge'], 'challenge_category': ['Welcome']}"
432,No_way,10,"{'challenge_name': ['Welcome Discord Challenge'], 'challenge_category': ['Welcome']}"
433,labupump,10,"{'challenge_name': ['Welcome Discord Challenge'], 'challenge_category': ['Welcome']}"
434,bglabs,10,"{'challenge_name': ['Welcome Discord Challenge'], 'challenge_category': ['Welcome']}"
435,Forg1ven,10,"{'challenge_name': ['Welcome Discord Challenge'], 'challenge_category': ['Welcome']}"
436,TEAMnAME,10,"{'challenge_name': ['Welcome Discord Challenge'], 'challenge_category': ['Welcome']}"
437,Supremeleader,10,"{'challenge_name': ['Welcome Discord Challenge'], 'challenge_category': ['Welcome']}"
438,Delulu001,10,"{'challenge_name': ['Welcome Discord Challenge'], 'challenge_category': ['Welcome']}"
439,Nitroglycerin,10,"{'challenge_name': ['Welcome Discord Challenge'], 'challenge_category': ['Welcome']}"
440,mepro,10,"{'challenge_name': ['Welcome Discord Challenge'], 'challenge_category': ['Welcome']}"
441,sp00k,10,"{'challenge_name': ['Welcome Discord Challenge'], 'challenge_category': ['Welcome']}"
442,Al-Qaeda,10,"{'challenge_name': ['Welcome Discord Challenge'], 'challenge_category': ['Welcome']}"
443,noobie,10,"{'challenge_name': ['Welcome Discord Challenge'], 'challenge_category': ['Welcome']}"
444,Azkabankar,10,"{'challenge_name': ['Welcome Discord Challenge'], 'challenge_category': ['Welcome']}"
445,Rekters,10,"{'challenge_name': ['Welcome Discord Challenge'], 'challenge_category': ['Welcome']}"
446,abc,10,"{'challenge_name': ['Welcome Discord Challenge'], 'challenge_category': ['Welcome']}"
447,bedrock firewall,10,"{'challenge_name': ['Welcome Discord Challenge'], 'challenge_category': ['Welcome']}"
448,Rockerz_blitz,10,"{'challenge_name': ['Welcome Discord Challenge'], 'challenge_category': ['Welcome']}"
449,MANDALORIAN GUILD,10,"{'challenge_name': ['Welcome Discord Challenge'], 'challenge_category': ['Welcome']}"
450,yesterday1M,10,"{'challenge_name': ['Welcome Discord Challenge'], 'challenge_category': ['Welcome']}"
451,hackers,10,"{'challenge_name': ['Welcome Discord Challenge'], 'challenge_category': ['Welcome']}"
452,LOS_POLLOS_HERMANOS,10,"{'challenge_name': ['Welcome Discord Challenge'], 'challenge_category': ['Welcome']}"
453,Clueless Coders,10,"{'challenge_name': ['Welcome Discord Challenge'], 'challenge_category': ['Welcome']}"
454,bootplug,10,"{'challenge_name': ['Welcome Discord Challenge'], 'challenge_category': ['Welcome']}"
455,b4d33r,10,"{'challenge_name': ['Welcome Discord Challenge'], 'challenge_category': ['Welcome']}"
456,Kernelroot,10,"{'challenge_name': ['Welcome Discord Challenge'], 'challenge_category': ['Welcome']}"
457,Mayas,10,"{'challenge_name': ['Welcome Discord Challenge'], 'challenge_category': ['Welcome']}"
458,redsti,10,"{'challenge_name': ['Welcome Discord Challenge'], 'challenge_category': ['Welcome']}"
459,Cyborgkillers,10,"{'challenge_name': ['Welcome Discord Challenge'], 'challenge_category': ['Welcome']}"
460,Zoho_Pirates,10,"{'challenge_name': ['Welcome Discord Challenge'], 'challenge_category': ['Welcome']}"
461,0xCZ,10,"{'challenge_name': ['Welcome Discord Challenge'], 'challenge_category': ['Welcome']}"
462,AbyssWalker,10,"{'challenge_name': ['Welcome Discord Challenge'], 'challenge_category': ['Welcome']}"
463,KENTANG GORENG POCIN,10,"{'challenge_name': ['Welcome Discord Challenge'], 'challenge_category': ['Welcome']}"
464,push1 0X45 lmao,10,"{'challenge_name': ['Welcome Discord Challenge'], 'challenge_category': ['Welcome']}"
465,ikusyst3m,10,"{'challenge_name': ['Welcome Discord Challenge'], 'challenge_category': ['Welcome']}"
466,b2brt,10,"{'challenge_name': ['Welcome Discord Challenge'], 'challenge_category': ['Welcome']}"
467,Cheetos,10,"{'challenge_name': ['Welcome Discord Challenge'], 'challenge_category': ['Welcome']}"
468,hjgkkv,10,"{'challenge_name': ['Welcome Discord Challenge'], 'challenge_category': ['Welcome']}"
469,first dance :),10,"{'challenge_name': ['Welcome Discord Challenge'], 'challenge_category': ['Welcome']}"
470,Autobahn,10,"{'challenge_name': ['Welcome Discord Challenge'], 'challenge_category': ['Welcome']}"
471,TamilCTF,10,"{'challenge_name': ['Welcome Discord Challenge'], 'challenge_category': ['Welcome']}"
472,Hogwarts,10,"{'challenge_name': ['Welcome Discord Challenge'], 'challenge_category': ['Welcome']}"
473,th3Matr1x,10,"{'challenge_name': ['Welcome Discord Challenge'], 'challenge_category': ['Welcome']}"
474,pp,10,"{'challenge_name': ['Welcome Discord Challenge'], 'challenge_category': ['Welcome']}"
475,Digital_corsair,10,"{'challenge_name': ['Welcome Discord Challenge'], 'challenge_category': ['Welcome']}"
476,Deadlock,10,"{'challenge_name': ['Welcome Discord Challenge'], 'challenge_category': ['Welcome']}"
477,Naam ki mkc,10,"{'challenge_name': ['Welcome Discord Challenge'], 'challenge_category': ['Welcome']}"
478,iamandreiski,10,"{'challenge_name': ['Welcome Discord Challenge'], 'challenge_category': ['Welcome']}"
479,24F4,10,"{'challenge_name': ['Welcome Discord Challenge'], 'challenge_category': ['Welcome']}"
480,Majino,10,"{'challenge_name': ['Welcome Discord Challenge'], 'challenge_category': ['Welcome']}"
481,plairfx,10,"{'challenge_name': ['Welcome Discord Challenge'], 'challenge_category': ['Welcome']}"
482,None,10,"{'challenge_name': ['Welcome Discord Challenge'], 'challenge_category': ['Welcome']}"
483,UNknownteam,10,"{'challenge_name': ['Welcome Discord Challenge'], 'challenge_category': ['Welcome']}"
484,comcat,10,"{'challenge_name': ['Welcome Discord Challenge'], 'challenge_category': ['Welcome']}"
485,YirtGrek,10,"{'challenge_name': ['Welcome Discord Challenge'], 'challenge_category': ['Welcome']}"
486,R0W8L,10,"{'challenge_name': ['Welcome Discord Challenge'], 'challenge_category': ['Welcome']}"
487,ak123,10,"{'challenge_name': ['Welcome Discord Challenge'], 'challenge_category': ['Welcome']}"
488,X,10,"{'challenge_name': ['Welcome Discord Challenge'], 'challenge_category': ['Welcome']}"
489,XX0F,10,"{'challenge_name': ['Welcome Discord Challenge'], 'challenge_category': ['Welcome']}"
490,0XSAN,10,"{'challenge_name': ['Welcome Discord Challenge'], 'challenge_category': ['Welcome']}"
491,BCSC,10,"{'challenge_name': ['Welcome Discord Challenge'], 'challenge_category': ['Welcome']}"
492,DA,10,"{'challenge_name': ['Welcome Discord Challenge'], 'challenge_category': ['Welcome']}"
493,MANI,10,"{'challenge_name': ['Welcome Discord Challenge'], 'challenge_category': ['Welcome']}"
494,LoneWolf,10,"{'challenge_name': ['Welcome Discord Challenge'], 'challenge_category': ['Welcome']}"
495,lo1d,10,"{'challenge_name': ['Welcome Discord Challenge'], 'challenge_category': ['Welcome']}"
496,H4CK_077,10,"{'challenge_name': ['Welcome Discord Challenge'], 'challenge_category': ['Welcome']}"
497,r4ds3c,10,"{'challenge_name': ['Welcome Discord Challenge'], 'challenge_category': ['Welcome']}"
498,Ansh Raj,10,"{'challenge_name': ['Welcome Discord Challenge'], 'challenge_category': ['Welcome']}"
499,godskoala,10,"{'challenge_name': ['Welcome Discord Challenge'], 'challenge_category': ['Welcome']}"
500,CH3COOH,10,"{'challenge_name': ['Welcome Discord Challenge'], 'challenge_category': ['Welcome']}"
501,gcrba*p3,10,"{'challenge_name': ['Welcome Discord Challenge'], 'challenge_category': ['Welcome']}"
502,0day,10,"{'challenge_name': ['Welcome Discord Challenge'], 'challenge_category': ['Welcome']}"
503,Brbtrefika,10,"{'challenge_name': ['Welcome Discord Challenge'], 'challenge_category': ['Welcome']}"
504,happyhackerhour,10,"{'challenge_name': ['Welcome Discord Challenge'], 'challenge_category': ['Welcome']}"
505,SINGLE_PLAYER,10,"{'challenge_name': ['Welcome Discord Challenge'], 'challenge_category': ['Welcome']}"
506,blockbite,10,"{'challenge_name': ['Welcome Discord Challenge'], 'challenge_category': ['Welcome']}"
507,Newbie,10,"{'challenge_name': ['Welcome Discord Challenge'], 'challenge_category': ['Welcome']}"
508,solo-bot2creature,10,"{'challenge_name': ['Welcome Discord Challenge'], 'challenge_category': ['Welcome']}"
509,Aiven,10,"{'challenge_name': ['Welcome Discord Challenge'], 'challenge_category': ['Welcome']}"
510,sl1de,10,"{'challenge_name': ['Welcome Discord Challenge'], 'challenge_category': ['Welcome']}"
511,uvt_soso,10,"{'challenge_name': ['Welcome Discord Challenge'], 'challenge_category': ['Welcome']}"
512,Shuhari Researchers,10,"{'challenge_name': ['Welcome Discord Challenge'], 'challenge_category': ['Welcome']}"
513,0xdeadbeef,10,"{'challenge_name': ['Welcome Discord Challenge'], 'challenge_category': ['Welcome']}"
514,OakTree,10,"{'challenge_name': ['Welcome Discord Challenge'], 'challenge_category': ['Welcome']}"
515,silers,10,"{'challenge_name': ['Welcome Discord Challenge'], 'challenge_category': ['Welcome']}"
516,GopherHack,10,"{'challenge_name': ['Welcome Discord Challenge'], 'challenge_category': ['Welcome']}"
517,Nayohncorp,10,"{'challenge_name': ['Welcome Discord Challenge'], 'challenge_category': ['Welcome']}"
518,yolo,10,"{'challenge_name': ['Welcome Discord Challenge'], 'challenge_category': ['Welcome']}"
519,"Me, Myself & I",10,"{'challenge_name': ['Welcome Discord Challenge'], 'challenge_category': ['Welcome']}"
520,cyberdogs,10,"{'challenge_name': ['Welcome Discord Challenge'], 'challenge_category': ['Welcome']}"
521,CottonCandySkies,10,"{'challenge_name': ['Welcome Discord Challenge'], 'challenge_category': ['Welcome']}"
522,jhokkar,10,"{'challenge_name': ['Welcome Discord Challenge'], 'challenge_category': ['Welcome']}"
523,qckhp,10,"{'challenge_name': ['Welcome Discord Challenge'], 'challenge_category': ['Welcome']}"
524,/k0(!#$Hnt,10,"{'challenge_name': ['Welcome Discord Challenge'], 'challenge_category': ['Welcome']}"
525,Xmasters,10,"{'challenge_name': ['Welcome Discord Challenge'], 'challenge_category': ['Welcome']}"
526,sk2025,10,"{'challenge_name': ['Welcome Discord Challenge'], 'challenge_category': ['Welcome']}"
527,web3 and doxxing,10,"{'challenge_name': ['Welcome Discord Challenge'], 'challenge_category': ['Welcome']}"
528,N0_Cl1C,10,"{'challenge_name': ['Welcome Discord Challenge'], 'challenge_category': ['Welcome']}"
529,athaw,10,"{'challenge_name': ['Welcome Discord Challenge'], 'challenge_category': ['Welcome']}"
530,Maxi,10,"{'challenge_name': ['Welcome Discord Challenge'], 'challenge_category': ['Welcome']}"
531,aviral,10,"{'challenge_name': ['Welcome Discord Challenge'], 'challenge_category': ['Welcome']}"
532,1cihg0,10,"{'challenge_name': ['Welcome Discord Challenge'], 'challenge_category': ['Welcome']}"
533,CSI-CSTJEAn,10,"{'challenge_name': ['Welcome Discord Challenge'], 'challenge_category': ['Welcome']}"
534,AnonSec,10,"{'challenge_name': ['Welcome Discord Challenge'], 'challenge_category': ['Welcome']}"
535,BoMday,10,"{'challenge_name': ['Welcome Discord Challenge'], 'challenge_category': ['Welcome']}"
536,R3BOOT,10,"{'challenge_name': ['Welcome Discord Challenge'], 'challenge_category': ['Welcome']}"
537,team Bharat,10,"{'challenge_name': ['Welcome Discord Challenge'], 'challenge_category': ['Welcome']}"
538,Goop Troop,10,"{'challenge_name': ['Welcome Discord Challenge'], 'challenge_category': ['Welcome']}"
539,bomjgang,10,"{'challenge_name': ['Welcome Discord Challenge'], 'challenge_category': ['Welcome']}"
540,h,10,"{'challenge_name': ['Welcome Discord Challenge'], 'challenge_category': ['Welcome']}"
541,darks,10,"{'challenge_name': ['Welcome Discord Challenge'], 'challenge_category': ['Welcome']}"
542,Lost,10,"{'challenge_name': ['Welcome Discord Challenge'], 'challenge_category': ['Welcome']}"
543,c my pp,10,"{'challenge_name': ['Welcome Discord Challenge'], 'challenge_category': ['Welcome']}"
544,just a trash team,10,"{'challenge_name': ['Welcome Discord Challenge'], 'challenge_category': ['Welcome']}"
545,rebane2001,10,"{'challenge_name': ['Welcome Discord Challenge'], 'challenge_category': ['Welcome']}"
546,users,10,"{'challenge_name': ['Welcome Discord Challenge'], 'challenge_category': ['Welcome']}"
547,acenotepad,10,"{'challenge_name': ['Welcome Discord Challenge'], 'challenge_category': ['Welcome']}"
548,mavis,10,"{'challenge_name': ['Welcome Discord Challenge'], 'challenge_category': ['Welcome']}"
549,Exodus labs,10,"{'challenge_name': ['Welcome Discord Challenge'], 'challenge_category': ['Welcome']}"
550,Etam_PENETRAL_BAJAU,10,"{'challenge_name': ['Welcome Discord Challenge'], 'challenge_category': ['Welcome']}"
551,Dystopia,10,"{'challenge_name': ['Welcome Discord Challenge'], 'challenge_category': ['Welcome']}"
552,vgu_Cypher,10,"{'challenge_name': ['Welcome Discord Challenge'], 'challenge_category': ['Welcome']}"
553,eyJpZCI6MTI1NCwidiI6IjJlNDFhZDk2MTAxYjE5MGM2YzhmM2E0MWVmNjEzNjVjMmQzZTFmNWEifQ.Z5JeDw.RGnCW_G_Xk_gtTAqNsCHrVoFUsg,10,"{'challenge_name': ['Welcome Discord Challenge'], 'challenge_category': ['Welcome']}"
554,kazxe,10,"{'challenge_name': ['Welcome Discord Challenge'], 'challenge_category': ['Welcome']}"
555,Ollam,10,"{'challenge_name': ['Welcome Discord Challenge'], 'challenge_category': ['Welcome']}"
556,Studit8,10,"{'challenge_name': ['Welcome Discord Challenge'], 'challenge_category': ['Welcome']}"
557,Pramod Kumar Mallick,10,"{'challenge_name': ['Welcome Discord Challenge'], 'challenge_category': ['Welcome']}"
558,Firewallfusion,10,"{'challenge_name': ['Welcome Discord Challenge'], 'challenge_category': ['Welcome']}"
559,guacamole,10,"{'challenge_name': ['Welcome Discord Challenge'], 'challenge_category': ['Welcome']}"
560,Flow,10,"{'challenge_name': ['Welcome Discord Challenge'], 'challenge_category': ['Welcome']}"
561,SOLO-Warrior,10,"{'challenge_name': ['Welcome Discord Challenge'], 'challenge_category': ['Welcome']}"
562,sparklezz,10,"{'challenge_name': ['Welcome Discord Challenge'], 'challenge_category': ['Welcome']}"
563,ACai_TEAM,10,"{'challenge_name': ['Welcome Discord Challenge'], 'challenge_category': ['Welcome']}"
564,Zbzbzbzb,10,"{'challenge_name': ['Welcome Discord Challenge'], 'challenge_category': ['Welcome']}"
565,Gladiator,10,"{'challenge_name': ['Welcome Discord Challenge'], 'challenge_category': ['Welcome']}"
566,78,10,"{'challenge_name': ['Welcome Discord Challenge'], 'challenge_category': ['Welcome']}"
567,Rando,10,"{'challenge_name': ['Welcome Discord Challenge'], 'challenge_category': ['Welcome']}"
568,viol1t,10,"{'challenge_name': ['Welcome Discord Challenge'], 'challenge_category': ['Welcome']}"
569,Dreamteam,10,"{'challenge_name': ['Welcome Discord Challenge'], 'challenge_category': ['Welcome']}"
570,Starscourge,10,"{'challenge_name': ['Welcome Discord Challenge'], 'challenge_category': ['Welcome']}"
571,Pilgrims,10,"{'challenge_name': ['Welcome Discord Challenge'], 'challenge_category': ['Welcome']}"
572,01,10,"{'challenge_name': ['Welcome Discord Challenge'], 'challenge_category': ['Welcome']}"
573,Secureshinchan,10,"{'challenge_name': ['Welcome Discord Challenge'], 'challenge_category': ['Welcome']}"
574,ggez,10,"{'challenge_name': ['Welcome Discord Challenge'], 'challenge_category': ['Welcome']}"
575,Upgrade0x10,10,"{'challenge_name': ['Welcome Discord Challenge'], 'challenge_category': ['Welcome']}"
576,hahahahahaha,10,"{'challenge_name': ['Welcome Discord Challenge'], 'challenge_category': ['Welcome']}"
577,honey_on_bread,10,"{'challenge_name': ['Welcome Discord Challenge'], 'challenge_category': ['Welcome']}"
578,solo,10,"{'challenge_name': ['Welcome Discord Challenge'], 'challenge_category': ['Welcome']}"
579,ifm cyber club,10,"{'challenge_name': ['Welcome Discord Challenge'], 'challenge_category': ['Welcome']}"
580,Sasuke,10,"{'challenge_name': ['Welcome Discord Challenge'], 'challenge_category': ['Welcome']}"
581,SKOO,10,"{'challenge_name': ['Welcome Discord Challenge'], 'challenge_category': ['Welcome']}"
582,Tomorin,10,"{'challenge_name': ['Welcome Discord Challenge'], 'challenge_category': ['Welcome']}"
583,soluble_security,10,"{'challenge_name': ['Welcome Discord Challenge'], 'challenge_category': ['Welcome']}"
584,devopslife,10,"{'challenge_name': ['Welcome Discord Challenge'], 'challenge_category': ['Welcome']}"
585,Nexus1,10,"{'challenge_name': ['Welcome Discord Challenge'], 'challenge_category': ['Welcome']}"
586,flag,10,"{'challenge_name': ['Welcome Discord Challenge'], 'challenge_category': ['Welcome']}"
587,AJAJA,10,"{'challenge_name': ['Welcome Discord Challenge'], 'challenge_category': ['Welcome']}"
588,SL33p1ng Gh0stðŸ‘»,10,"{'challenge_name': ['Welcome Discord Challenge'], 'challenge_category': ['Welcome']}"
589,ljnljn,10,"{'challenge_name': ['Welcome Discord Challenge'], 'challenge_category': ['Welcome']}"
590,cosmos,10,"{'challenge_name': ['Welcome Discord Challenge'], 'challenge_category': ['Welcome']}"
591,Kanya Rasi,10,"{'challenge_name': ['Welcome Discord Challenge'], 'challenge_category': ['Welcome']}"
592,kOREA nUMBER oNE,10,"{'challenge_name': ['Welcome Discord Challenge'], 'challenge_category': ['Welcome']}"
593,straw_hats,10,"{'challenge_name': ['Welcome Discord Challenge'], 'challenge_category': ['Welcome']}"
594,lunatic byte,10,"{'challenge_name': ['Welcome Discord Challenge'], 'challenge_category': ['Welcome']}"
595,God HacK,10,"{'challenge_name': ['Welcome Discord Challenge'], 'challenge_category': ['Welcome']}"
596,01n,10,"{'challenge_name': ['Welcome Discord Challenge'], 'challenge_category': ['Welcome']}"
597,JKKNIU L@L P1p4a,10,"{'challenge_name': ['Welcome Discord Challenge'], 'challenge_category': ['Welcome']}"
598,xftiqlzprr,10,"{'challenge_name': ['Welcome Discord Challenge'], 'challenge_category': ['Welcome']}"
599,Ragna,10,"{'challenge_name': ['Welcome Discord Challenge'], 'challenge_category': ['Welcome']}"
600,syntax404,10,"{'challenge_name': ['Welcome Discord Challenge'], 'challenge_category': ['Welcome']}"
601,WALKERS,10,"{'challenge_name': ['Welcome Discord Challenge'], 'challenge_category': ['Welcome']}"
602,SiBears,10,"{'challenge_name': ['Welcome Discord Challenge'], 'challenge_category': ['Welcome']}"
603,X0X-root,10,"{'challenge_name': ['Welcome Discord Challenge'], 'challenge_category': ['Welcome']}"
604,spider0,10,"{'challenge_name': ['Welcome Discord Challenge'], 'challenge_category': ['Welcome']}"
605,Malwarezaers,10,"{'challenge_name': ['Welcome Discord Challenge'], 'challenge_category': ['Welcome']}"
606,ins0m1a_Ã˜wls,10,"{'challenge_name': ['Welcome Discord Challenge'], 'challenge_category': ['Welcome']}"
607,menace,10,"{'challenge_name': ['Welcome Discord Challenge'], 'challenge_category': ['Welcome']}"
608,PWN,10,"{'challenge_name': ['Welcome Discord Challenge'], 'challenge_category': ['Welcome']}"
609,Glitchgroovers,10,"{'challenge_name': ['Welcome Discord Challenge'], 'challenge_category': ['Welcome']}"
610,The Fun-Gi,10,"{'challenge_name': ['Welcome Discord Challenge'], 'challenge_category': ['Welcome']}"
611,AlexSR,10,"{'challenge_name': ['Welcome Discord Challenge'], 'challenge_category': ['Welcome']}"
612,UNNAMEDT3AM,10,"{'challenge_name': ['Welcome Discord Challenge'], 'challenge_category': ['Welcome']}"
613,billa69,10,"{'challenge_name': ['Welcome Discord Challenge'], 'challenge_category': ['Welcome']}"
614,c1ph3rb0t,10,"{'challenge_name': ['Welcome Discord Challenge'], 'challenge_category': ['Welcome']}"
615,CyberFunk,10,"{'challenge_name': ['Welcome Discord Challenge'], 'challenge_category': ['Welcome']}"
616,two_noobs,10,"{'challenge_name': ['Welcome Discord Challenge'], 'challenge_category': ['Welcome']}"
617,MadDevs,10,"{'challenge_name': ['Welcome Discord Challenge'], 'challenge_category': ['Welcome']}"
618,kuduruk,10,"{'challenge_name': ['Welcome Discord Challenge'], 'challenge_category': ['Welcome']}"
619,apt7,10,"{'challenge_name': ['Welcome Discord Challenge'], 'challenge_category': ['Welcome']}"
620,johska,10,"{'challenge_name': ['Welcome Discord Challenge'], 'challenge_category': ['Welcome']}"
621,AcT3R,10,"{'challenge_name': ['Welcome Discord Challenge'], 'challenge_category': ['Welcome']}"
622,eeerrrseeku,10,"{'challenge_name': ['Welcome Discord Challenge'], 'challenge_category': ['Welcome']}"
623,MiN@soloctf,10,"{'challenge_name': ['Welcome Discord Challenge'], 'challenge_category': ['Welcome']}"
624,Honesty,10,"{'challenge_name': ['Welcome Discord Challenge'], 'challenge_category': ['Welcome']}"
625,Aquas,10,"{'challenge_name': ['Welcome Discord Challenge'], 'challenge_category': ['Welcome']}"
626,The Futurist,10,"{'challenge_name': ['Welcome Discord Challenge'], 'challenge_category': ['Welcome']}"
627,0x18a6,10,"{'challenge_name': ['Welcome Discord Challenge'], 'challenge_category': ['Welcome']}"
628,rlxnfhkz,10,"{'challenge_name': ['Welcome Discord Challenge'], 'challenge_category': ['Welcome']}"
629,Astrocat,10,"{'challenge_name': ['Welcome Discord Challenge'], 'challenge_category': ['Welcome']}"
630,N00b_1S_Here,10,"{'challenge_name': ['Welcome Discord Challenge'], 'challenge_category': ['Welcome']}"
631,NSEC-CARAGA,10,"{'challenge_name': ['Welcome Discord Challenge'], 'challenge_category': ['Welcome']}"
632,cHISTA0X,10,"{'challenge_name': ['Welcome Discord Challenge'], 'challenge_category': ['Welcome']}"
